id,name
1,Avrit
2,Huntley
3,Auberon
4,Paola
5,Filmer
6,Agretha
7,Olga
8,Ophelia
9,Jae
10,Mallorie
11,Anna-diane
12,Diannne
13,Daphne
14,Maegan
15,Sigrid
16,Aleksandr
17,Hersh
18,Zoe
19,Wyndham
20,Doll
21,Edin
22,Anders
23,Ernie
24,Con
25,Ashil
26,Erv
27,Sherilyn
28,Siouxie
29,Isidoro
30,Jayne
31,Mitchell
32,Diane-marie
33,Beale
34,Ruben
35,Shalom
36,Maegan
37,Dory
38,Tallia
39,Nichol
40,Marylee
41,Arlyne
42,Aviva
43,Kirsteni
44,Sheeree
45,Lishe
46,Benetta
47,Gabbie
48,Courtney
49,Shepperd
50,Taylor
51,Marilyn
52,Dulcy
53,Elvis
54,Bel
55,Massimiliano
56,Breanne
57,Augustine
58,Giavani
59,Theda
60,Cass
61,Anny
62,Aili
63,Irita
64,Deloris
65,Coralyn
66,Rozanne
67,Fernandina
68,Maye
69,Celestyn
70,Mitchael
71,Guthry
72,Eden
73,Erasmus
74,Nanine
75,Jenelle
76,Briant
77,Anneliese
78,Harold
79,Kirby
80,Kattie
81,Hedi
82,Riva
83,Albertina
84,Norris
85,Meade
86,Wendeline
87,Harri
88,Adair
89,Myrilla
90,Kasper
91,Lyon
92,Ossie
93,Isabel
94,Kordula
95,Jessa
96,Corrina
97,Erin
98,Kerrie
99,Josefina
100,Rae
101,Mab
102,Rita
103,Jeanie
104,Leone
105,Reyna
106,Ralina
107,Dora
108,Bliss
109,Niko
110,Chrysa
111,Jasmin
112,Laurel
113,Welch
114,Dale
115,Salvador
116,Justinn
117,Joye
118,Bowie
119,Morty
120,Wilhelm
121,Tresa
122,Maisey
123,Christa
124,Karlotte
125,Jodi
126,Zarah
127,Conway
128,Lacey
129,Garrick
130,Sunshine
131,Dixie
132,Inger
133,Herc
134,Bonni
135,Efrem
136,Morgen
137,Urbano
138,Adam
139,Lindon
140,Nerissa
141,Rodrigo
142,Melony
143,Rachael
144,Ellissa
145,Arthur
146,Rachel
147,Fielding
148,Krisha
149,Rogerio
150,Juanita
151,Tab
152,Kristo
153,Edgard
154,Dorise
155,Sonya
156,Giacomo
157,Tiffanie
158,Darn
159,Yolanda
160,Mikel
161,Jackqueline
162,Loutitia
163,Brynne
164,Alvira
165,Alysa
166,Lenee
167,Kristofer
168,Lucila
169,Milton
170,Con
171,Ximenes
172,Birgit
173,Barnett
174,Kendricks
175,Alleyn
176,Austine
177,Felizio
178,Wallace
179,Gayel
180,Kerstin
181,Garvy
182,Vlad
183,Niki
184,Zacherie
185,Jerry
186,Mae
187,Kelley
188,Karalynn
189,Bonita
190,Albert
191,Tris
192,Elden
193,Ave
194,Deena
195,Sunny
196,Eward
197,Danielle
198,Caren
199,Filippo
200,Tess
201,Kennedy
202,Cacilia
203,Torry
204,Felice
205,Devlen
206,Bonita
207,Zachary
208,Nickie
209,Oralla
210,Cori
211,Vitia
212,Tobi
213,Liesa
214,Gussie
215,Mollie
216,Sherwin
217,Candace
218,Cary
219,Zorina
220,Nada
221,Alberto
222,Amaleta
223,Shelby
224,Gregory
225,Deeann
226,Vincents
227,Hollyanne
228,Gino
229,Debbie
230,Cris
231,Victoir
232,Lek
233,Udall
234,Conny
235,Kippy
236,Muffin
237,Nikki
238,Abbe
239,Dory
240,Jeannine
241,Cordey
242,Yvonne
243,Juanita
244,Wilden
245,Odelle
246,Marcelline
247,Augie
248,Marlo
249,Queenie
250,Chariot
251,Marika
252,Olva
253,Jock
254,Andres
255,Pen
256,Elvina
257,Krisha
258,Berton
259,Anabal
260,Gerladina
261,Noam
262,Aimee
263,Cleveland
264,Arleen
265,Nolana
266,Fiann
267,Miran
268,Larissa
269,Dee
270,Bran
271,Berty
272,Lilith
273,Hildagarde
274,Lira
275,Ferrell
276,Valida
277,Perice
278,Bonnie
279,Demeter
280,Alejandra
281,Cassaundra
282,Berton
283,Raquela
284,Nata
285,Arlette
286,Anatol
287,Godfry
288,Luke
289,Corena
290,Brunhilde
291,Wolfie
292,Holden
293,Shena
294,Cordi
295,Prinz
296,Omero
297,Melvin
298,Keelby
299,Leigh
300,Lavinia
301,Merrel
302,Elsa
303,Shayla
304,Philippa
305,Ertha
306,Idaline
307,Kore
308,Marvin
309,Floyd
310,Romy
311,Rowen
312,Nicolle
313,Lucretia
314,Dwight
315,Maybelle
316,Minda
317,Rufe
318,Charo
319,Halie
320,Bethina
321,Kristyn
322,Barbie
323,Rees
324,Adaline
325,Cleopatra
326,Humberto
327,Herbert
328,Karol
329,Drake
330,Dona
331,Simonne
332,Stesha
333,Stormie
334,Merline
335,Hildagarde
336,Veradis
337,Lucienne
338,Tuesday
339,Craig
340,Othelia
341,Lenee
342,Inesita
343,Cchaddie
344,Silvain
345,April
346,Neel
347,Costanza
348,Aleta
349,Pegeen
350,Marji
351,Alison
352,Analiese
353,Torry
354,Ardra
355,Amitie
356,Adi
357,Theodora
358,Effie
359,Floris
360,Lenci
361,Emmet
362,Ethe
363,Cathe
364,Charisse
365,Donnell
366,Yetta
367,Theadora
368,Giffer
369,Gannie
370,Tremayne
371,Janice
372,Lucas
373,Adria
374,Lowell
375,Alexei
376,Darrel
377,Curt
378,Delphine
379,Mandi
380,Andreas
381,Windy
382,Rosella
383,Frederic
384,Nat
385,Lutero
386,Stefanie
387,Gram
388,Harriot
389,Erroll
390,Shaina
391,Anneliese
392,Yance
393,Kip
394,Farrell
395,Rochella
396,Chrotoem
397,Athene
398,Gilberta
399,Boycie
400,Rosalynd
401,Cash
402,Faythe
403,Shannon
404,Brooke
405,Lynnelle
406,Minerva
407,Dewey
408,Wiatt
409,Demetria
410,Mace
411,Gregoire
412,Armando
413,Norton
414,Barthel
415,Obadias
416,Colver
417,Florenza
418,Caz
419,Albert
420,Rik
421,Susie
422,Bo
423,Gavrielle
424,Price
425,Lettie
426,Leicester
427,Federica
428,Miner
429,Eben
430,Gearard
431,Griz
432,Dwight
433,Kim
434,Neysa
435,Joellen
436,Frederich
437,Jennette
438,Philomena
439,Roderigo
440,De
441,Godfrey
442,Katey
443,Foster
444,Carmelina
445,Deck
446,Melloney
447,Bettye
448,Stefan
449,Ham
450,Vin
451,Gibb
452,Berkley
453,Joe
454,Karlotta
455,Hurlee
456,Sheffy
457,Danya
458,Aeriela
459,Robert
460,Ward
461,Joyous
462,Westleigh
463,Barnard
464,Alvira
465,Loren
466,Deana
467,Nikki
468,Keeley
469,Marguerite
470,Gustave
471,Otho
472,Carrissa
473,Gerti
474,Maryellen
475,Albina
476,Giles
477,Shalna
478,Bobinette
479,Harlie
480,Johna
481,Stafford
482,Aurel
483,Kellia
484,Luca
485,Chastity
486,Gwenora
487,Sammy
488,Nan
489,Osborn
490,Beverlie
491,Millard
492,Jobi
493,Dara
494,Jemima
495,Auria
496,Laurens
497,Loralyn
498,Emogene
499,Darline
500,Vonny
501,Zeke
502,Tristam
503,Aeriela
504,Xenos
505,Rene
506,Jeane
507,Verene
508,Romola
509,Jock
510,Enid
511,Kennett
512,Emmerich
513,Silvanus
514,Valida
515,Sonny
516,Maggie
517,Jessika
518,Berk
519,Drusy
520,Zacharie
521,Marlee
522,Akim
523,Rochella
524,Matthus
525,Cori
526,Robinett
527,Silvia
528,Emory
529,Terra
530,Ellwood
531,Hale
532,Avery
533,Forest
534,Isabelle
535,Harry
536,Charlean
537,Rockwell
538,Filip
539,Shepard
540,Janos
541,Bryant
542,Filberte
543,Conn
544,Ludovika
545,Reinhard
546,Heinrik
547,Clarissa
548,Carolus
549,Gretchen
550,Ericha
551,Nelson
552,Sibby
553,Yule
554,Jada
555,Noni
556,Kyle
557,Manuel
558,Tildy
559,Lucine
560,Bunnie
561,Burnard
562,Niall
563,Sinclare
564,Alix
565,Gottfried
566,Callean
567,Ivan
568,Farica
569,Ursulina
570,Sabina
571,Glori
572,Roxanne
573,Rubie
574,Lise
575,Blake
576,Britt
577,Lindon
578,Marcille
579,Kort
580,Ora
581,Ruprecht
582,Alf
583,Shelbi
584,Colby
585,Matthew
586,Lindie
587,Nariko
588,Coleen
589,Cointon
590,Wolf
591,Selig
592,Kelwin
593,Yale
594,Blisse
595,Lory
596,Charla
597,Elisabeth
598,Marni
599,Jaynell
600,Madonna
601,Uriah
602,Fitzgerald
603,Elene
604,Fernando
605,Ealasaid
606,Annecorinne
607,Sadie
608,Stefania
609,Rina
610,Joelle
611,Tammara
612,Jolee
613,Yvette
614,Maddy
615,Charlean
616,Basia
617,Fleur
618,Sawyere
619,Catherine
620,Vladimir
621,Raphaela
622,Teddie
623,Adelina
624,Brocky
625,Oralie
626,Mauricio
627,Althea
628,Felecia
629,Pancho
630,Deedee
631,Maurise
632,Rani
633,Way
634,Lee
635,Vallie
636,Deeanne
637,Clerc
638,Dody
639,Cullen
640,Anselm
641,Maure
642,Parnell
643,Valentin
644,Cybill
645,Donavon
646,Marsh
647,Ron
648,Brnaby
649,Alisa
650,Tammie
651,Patin
652,Angel
653,Demetris
654,Preston
655,Welby
656,Israel
657,Kaitlyn
658,Berthe
659,Rudolfo
660,Kakalina
661,Kara
662,Bennett
663,Whittaker
664,Adelaide
665,Richie
666,Tillie
667,Webb
668,Dru
669,Christoffer
670,Jocko
671,Darrin
672,Ema
673,Norri
674,Demetre
675,Guillema
676,Dareen
677,Marcela
678,Thaddus
679,Rozanna
680,Duff
681,Lazar
682,Dal
683,Marvin
684,Raf
685,Charisse
686,Malinde
687,Ervin
688,Kimberley
689,Clarie
690,Sheree
691,Bernardine
692,Coleman
693,Carmencita
694,Harper
695,Bondy
696,Tadd
697,Shay
698,Ephrayim
699,Lula
700,Jacquenette
701,Jacky
702,Raynard
703,Jared
704,Garfield
705,Lucretia
706,Logan
707,Torr
708,Alida
709,Hakim
710,Marianna
711,Teodora
712,Johnath
713,Wyatt
714,Marvin
715,Benjie
716,Trey
717,Samson
718,Simone
719,Gaston
720,Sephira
721,Baldwin
722,Verine
723,Cesaro
724,Bobbette
725,Marline
726,Ximenes
727,Gerri
728,Nariko
729,Miriam
730,Ardine
731,Ayn
732,Jasen
733,Ardelle
734,Felisha
735,Bernardine
736,Clovis
737,Suzie
738,Othello
739,Jacobo
740,Tootsie
741,Elfrida
742,Greta
743,Thatcher
744,Damiano
745,Aluino
746,Magdalene
747,Earlie
748,Florrie
749,Kev
750,Sophi
751,Tootsie
752,Adey
753,Ruben
754,Sadye
755,Lanae
756,Karla
757,Donalt
758,Clem
759,Lotta
760,Eduino
761,Marie-ann
762,Hallsy
763,Jannelle
764,Freeland
765,Dolli
766,Lyndy
767,Katerine
768,Lynna
769,Teodoro
770,Candra
771,Baxie
772,Charyl
773,Rania
774,Granger
775,Averill
776,Alejandro
777,Beckie
778,Buffy
779,Sergent
780,Leighton
781,Myron
782,Hogan
783,Silvio
784,Valaree
785,Josefa
786,Constance
787,Tanya
788,Andrea
789,Anthony
790,Milzie
791,Doreen
792,Annabell
793,Orren
794,Glynnis
795,Gal
796,Esme
797,Tildi
798,Conn
799,Amabel
800,Heidi
801,Randolf
802,Merrile
803,Rivi
804,Emlen
805,Andie
806,Levon
807,Marcus
808,Riane
809,Carmel
810,Willa
811,Celestina
812,Betty
813,Jerrome
814,Luigi
815,Milo
816,Annetta
817,Sibel
818,Petronella
819,Lamar
820,Lynde
821,Margo
822,Adelaide
823,Creigh
824,Agnese
825,Tillie
826,Duffie
827,Elli
828,Miriam
829,Kerby
830,Merell
831,Waldemar
832,Dani
833,Kerstin
834,Hillery
835,Junia
836,Connie
837,Talbot
838,Ayn
839,Alessandro
840,Deane
841,Murray
842,Vivie
843,Esme
844,Mateo
845,Carlen
846,Mohammed
847,Winn
848,Pam
849,Evey
850,Ashby
851,Juliana
852,Nil
853,Bethina
854,Joelie
855,Bondy
856,Ugo
857,Salvatore
858,Myrah
859,Marylou
860,Florie
861,Shaylynn
862,Gladys
863,Jdavie
864,Oates
865,Noella
866,Rosaline
867,Mendie
868,Francesco
869,Norton
870,Calvin
871,Caspar
872,Dion
873,Ceil
874,Desmund
875,Georgeanne
876,Anders
877,Shepard
878,Jose
879,Matteo
880,Bobbie
881,Catrina
882,Berenice
883,Frederich
884,Caye
885,Poppy
886,Linoel
887,Harriet
888,Norah
889,Charline
890,Maura
891,Werner
892,Roderigo
893,Janeta
894,Meryl
895,Edmund
896,Friedrick
897,Bernelle
898,Alfi
899,Jacklin
900,Annmarie
901,Melesa
902,Sonny
903,Jerrie
904,Aurelia
905,Had
906,Lindie
907,Kevon
908,Ringo
909,Cariotta
910,Timothea
911,Reinaldo
912,Zared
913,Riobard
914,Vin
915,Justin
916,Valentine
917,Hastings
918,Abbott
919,Jacquelin
920,Nannie
921,Becca
922,Porter
923,Celestine
924,Jordain
925,Andree
926,Meggy
927,Antonella
928,Thibaut
929,Patrick
930,Hallsy
931,Erny
932,Jenica
933,Hillyer
934,Jorey
935,Cariotta
936,Hersch
937,Fernanda
938,Travers
939,Leonora
940,Bobbye
941,Harriette
942,Bryon
943,Antonino
944,Alvy
945,Morgen
946,Octavia
947,Noe
948,Travis
949,John
950,Evey
951,Dominica
952,Jedd
953,Cristine
954,Ignacius
955,Teressa
956,Dorthy
957,Mattheus
958,Gasper
959,Chadwick
960,Byrom
961,Tomi
962,Thibaud
963,Lovell
964,Leandra
965,Karlen
966,Andrej
967,Putnam
968,Worthington
969,Henriette
970,Susannah
971,Melvin
972,Chrysa
973,Kort
974,Arty
975,Jena
976,Christian
977,Ruy
978,Orlan
979,Fanny
980,Arvie
981,Padget
982,Arman
983,Stefan
984,Karine
985,Evangeline
986,Jolyn
987,Armstrong
988,Danika
989,Darleen
990,Evangelin
991,Venita
992,Kerry
993,Templeton
994,Ricard
995,Elita
996,Chancey
997,Jemmie
998,Barret
999,Barbra
1000,Kienan
